container_id,local_id,attribute_name,value_text
2013286676,27,NAME,/SITE-PIPING-AREA01
2013286676,27,:SDNFTRRVNO,_.0
2013286676,27,:SDNFEFID,Engineering Firm Id
2013286676,27,:SDNFCLID,Client Id
2013286676,27,:SDNFSTID,Structure Id
2013286676,27,:SDNFPRID,Project Id
2013286676,27,:SDNFDECODE,Design Code
2013286676,27,:SDNFTARGET,Target Contractor
2013286676,490,NAME,/ZONE-PIPING-AREA01
2013286676,490,DESC,AREA01PIPE
2013286676,490,FUNC,Piping
2013286676,490,:SDNFEFID,Engineering Firm Id
2013286676,490,:SDNFCLID,Client Id
2013286676,490,:SDNFSTID,Structure Id
2013286676,490,:SDNFPRID,Project Id
2013286676,490,:SDNFDECODE,Design Code
2013286676,490,:SDNFTARGET,Target Contractor
2013286676,490,:MDSHangRot,"1:false,1,2"
2013286676,490,:MDSHv,BOTH
2013286676,1251,NAME,/100-B-1
2013286676,1252,NAME,/100-B-1/B1
2013286676,1281,NAME,/FE-222
2013286676,1288,NAME,/V104
2013286676,1296,NAME,/FV-222
2013286676,1302,NAME,/V106
2013286676,1334,NAME,/100-B-1/B2
2013286676,1337,NAME,/V105
2013286676,1340,NAME,/100-B-1/B3
2013286676,1341,NAME,/V131
2013286676,2502,NAME,/100-B-1-PS01
2013286676,2503,NAME,/100-B-1-PS02
2013286676,2504,NAME,/100-B-1-PS03
2013286676,2505,NAME,/100-B-1-PS04
2013286676,2506,NAME,/100-B-1-PS05
2013286676,2469,NAME,/100-B-1A
2013286676,1311,NAME,/100-B-1A/B1
2013286676,1320,NAME,/V100
2013286676,1328,NAME,/V101
2013286676,1345,NAME,/100-B-1A/B2
2013286676,1346,NAME,/V133
2013286676,2581,NAME,/100-B-1A-PS01
2013286676,2582,NAME,/100-B-1A-PS02
2013286676,2583,NAME,/100-B-1A-PS03
2013286676,2470,NAME,/100-B-1B
2013286676,2471,NAME,/100-B-1B/B1
2013286676,1261,NAME,/V102
2013286676,1269,NAME,/V103
2013286676,1343,NAME,/100-B-1B/B2
2013286676,1344,NAME,/V132
2013286676,2594,NAME,/100-B-1B-PS01
2013286676,2595,NAME,/100-B-1B-PS02
2013286676,2596,NAME,/100-B-1B-PS03
2013286676,1347,NAME,/100-B-2
2013286676,1348,NAME,/100-B-2/B1
2013286676,1357,NAME,/V107
2013286676,1363,NAME,/LV-119
2013286676,1371,NAME,/V109
2013286676,1372,NAME,/100-B-2/B2
2013286676,1377,NAME,/V108
2013286676,1378,NAME,/100-B-2/B3
2013286676,1379,NAME,/V136
2013286676,1381,NAME,/100-B-2/B4
2013286676,1385,NAME,/100-B-2/B5
2013286676,1387,NAME,/V134
2013286676,1388,NAME,/100-B-2/B6
2013286676,1390,NAME,/V135
2013286676,2607,NAME,/100-B-2-PS01
2013286676,2608,NAME,/100-B-2-PS02
2013286676,2609,NAME,/100-B-2-PS03
2013286676,2610,NAME,/100-B-2-PS04
2013286676,2611,NAME,/100-B-2-PS05
2013286676,1391,NAME,/150-A-3
2013286676,1392,NAME,/150-A-3/B1
2013286676,1400,NAME,/150-A-3/B2
2013286676,1403,NAME,/200-B-4
2013286676,1403,DESC,B-4
2013286676,1403,FUNC,Critical line
2013286676,2376,NAME,/200-B-4/B1
2013286676,2628,NAME,/200-B-4/001
2013286676,2629,NAME,/200-B-4/002
2013286676,2630,NAME,/200-B-4/003
2013286676,2631,NAME,/200-B-4/004
2013286676,2632,NAME,/200-B-4/005
2013286676,2633,NAME,/200-B-4/006
2013286676,2634,NAME,/200-B-4/007
2013286676,2394,NAME,/200-B-4/B2
2013286676,2635,NAME,/200-B-4/008
2013286676,2636,NAME,/200-B-4/009
2013286676,2637,NAME,/200-B-4/010
2013286676,2638,NAME,/200-B-4/011
2013286676,2639,NAME,/200-B-4/012
2013286676,2640,NAME,/200-B-4/013
2013286676,2641,NAME,/200-B-4/014
2013286676,2399,NAME,/V138
2013286676,2642,NAME,/200-B-4/015
2013286676,2643,NAME,/200-B-4/016
2013286676,2644,NAME,/200-B-4/017
2013286676,2401,NAME,/200-B-4/B3
2013286676,2645,NAME,/200-B-4/018
2013286676,2402,NAME,/V137
2013286676,2404,NAME,/200-B-4-PS01
2013286676,2405,NAME,/200-B-4-PS02
2013286676,1448,NAME,/250-B-5
2013286676,1448,DESC,B-5
2013286676,1448,FUNC,Critical line
2013286676,2359,NAME,/250-B-5/B1
2013286676,2458,FUNC,Insert Connection
2013286676,2459,FUNC,Boss Connection
2013286676,2370,NAME,/250-B-5/B2
2013286676,2465,NAME,/250-B-5/B3
2013286676,2460,NAME,/250-B-5/B4
2013286676,2652,NAME,/250-B-5-PS01
2013286676,2653,NAME,/250-B-5-PS02
2013286676,2654,NAME,/250-B-5-PS03
2013286676,1464,NAME,/150-B-6
2013286676,1465,NAME,/150-B-6/B1
2013286676,1477,NAME,/80-B-7
2013286676,1478,NAME,/80-B-7/B1
2013286676,2669,NAME,/80-B-7-PS01
2013286676,1483,NAME,/100-B-8
2013286676,1484,NAME,/100-B-8/B1
2013286676,2672,NAME,/100-B-8/001
2013286676,2673,NAME,/100-B-8/002
2013286676,2674,NAME,/100-B-8/003
2013286676,2675,NAME,/100-B-8/004
2013286676,2676,NAME,/100-B-8/005
2013286676,2677,NAME,/100-B-8/006
2013286676,2678,NAME,/100-B-8/007
2013286676,2679,NAME,/100-B-8/008
2013286676,2680,NAME,/100-B-8/009
2013286676,2681,NAME,/100-B-8/010
2013286676,1494,NAME,/V110
2013286676,2682,NAME,/100-B-8/011
2013286676,2683,NAME,/100-B-8/012
2013286676,2684,NAME,/100-B-8/013
2013286676,2685,NAME,/100-B-8/014
2013286676,2686,NAME,/100-B-8/015
2013286676,1505,NAME,/100-B-8/B2
2013286676,2687,NAME,/100-B-8/016
2013286676,1508,NAME,/V111
2013286676,2688,NAME,/100-B-8/017
2013286676,2689,NAME,/100-B-8/018
2013286676,2690,NAME,/100-B-8/019
2013286676,2691,NAME,/100-B-8/020
2013286676,2692,NAME,/100-B-8/021
2013286676,1519,NAME,/100-B-8/B3
2013286676,1520,NAME,/V142
2013286676,1521,NAME,/100-B-8/B4
2013286676,1522,NAME,/V141
2013286676,1523,NAME,/100-B-8/B5
2013286676,2693,NAME,/100-B-8/022
2013286676,2694,NAME,/100-B-8/023
2013286676,1525,NAME,/V139
2013286676,1526,NAME,/100-B-8/B6
2013286676,2695,NAME,/100-B-8/024
2013286676,2696,NAME,/100-B-8/025
2013286676,2697,NAME,/100-B-8/026
2013286676,1528,NAME,/V140
2013286676,2698,NAME,/100-B-8/027
2013286676,2699,NAME,/100-B-8/028
2013286676,2700,NAME,/100-B-8/029
2013286676,2702,NAME,/100-B-8-PS05
2013286676,2703,NAME,/100-B-8-PS06
2013286676,2704,NAME,/100-B-8-PS01
2013286676,2705,NAME,/100-B-8-PS02
2013286676,2706,NAME,/100-B-8-PS03
2013286676,2707,NAME,/100-B-8-PS04
2013286676,1530,NAME,/50-B-9
2013286676,1531,NAME,/50-B-9/B1
2013286676,1533,NAME,/V113
2013286676,1539,NAME,/V114
2013286676,1549,NAME,/FE-115
2013286676,1554,NAME,/V117
2013286676,1561,NAME,/FV-115
2013286676,1569,NAME,/V119
2013286676,1578,NAME,/50-B-9/B2
2013286676,1580,NAME,/V115
2013286676,1586,NAME,/V116
2013286676,1590,NAME,/50-B-9/B3
2013286676,1591,NAME,/V118
2013286676,1592,NAME,/50-B-9/B4
2013286676,1593,NAME,/V145
2013286676,1595,NAME,/50-B-9/B5
2013286676,1596,NAME,/V144
2013286676,1597,NAME,/50-B-9/B6
2013286676,1598,NAME,/V143
2013286676,1599,NAME,/40-B-10
2013286676,1600,NAME,/40-B-10/B1
2013286676,1603,NAME,/V120
2013286676,1609,NAME,/LV-114
2013286676,1614,NAME,/V122
2013286676,1619,NAME,/40-B-10/B2
2013286676,1620,NAME,/V121
2013286676,1621,NAME,/40-B-10/B3
2013286676,1622,NAME,/V146
2013286676,1624,NAME,/80-A-11
2013286676,1625,NAME,/80-A-11/B1
2013286676,1631,NAME,/80-A-11/B2
2013286676,1634,NAME,/100-C-12
2013286676,1635,NAME,/100-C-12/B1
2013286676,2733,NAME,/100-C-12/001
2013286676,2734,NAME,/100-C-12/002
2013286676,2735,NAME,/100-C-12/005
2013286676,2736,NAME,/100-C-12/006
2013286676,2737,NAME,/100-C-12/007
2013286676,2738,NAME,/100-C-12/008
2013286676,2739,NAME,/100-C-12/003
2013286676,2740,NAME,/100-C-12/004
2013286676,2741,NAME,/100-C-12/009
2013286676,1640,NAME,/FE-117
2013286676,2742,NAME,/100-C-12/010
2013286676,2743,NAME,/100-C-12/011
2013286676,2744,NAME,/100-C-12/012
2013286676,2745,NAME,/100-C-12/013
2013286676,2746,NAME,/100-C-12/014
2013286676,2747,NAME,/100-C-12/015
2013286676,2748,NAME,/100-C-12/016
2013286676,1648,NAME,/V124
2013286676,2749,NAME,/100-C-12/017
2013286676,2750,NAME,/100-C-12/018
2013286676,2751,NAME,/100-C-12/019
2013286676,2752,NAME,/100-C-12/020
2013286676,1655,NAME,/FV-117
2013286676,2451,FUNC,Surface Connection
2013286676,2753,NAME,/100-C-12/021
2013286676,2754,NAME,/100-C-12/022
2013286676,2755,NAME,/100-C-12/023
2013286676,1662,NAME,/V126
2013286676,2756,NAME,/100-C-12/024
2013286676,2757,NAME,/100-C-12/025
2013286676,2758,NAME,/100-C-12/026
2013286676,2759,NAME,/100-C-12/027
2013286676,2760,NAME,/100-C-12/028
2013286676,2761,NAME,/100-C-12/029
2013286676,2762,NAME,/100-C-12/030
2013286676,1670,NAME,/100-C-12/B2
2013286676,2763,NAME,/100-C-12/031
2013286676,2764,NAME,/100-C-12/032
2013286676,1673,NAME,/V125
2013286676,2765,NAME,/100-C-12/033
2013286676,2766,NAME,/100-C-12/034
2013286676,2767,NAME,/100-C-12/035
2013286676,2768,NAME,/100-C-12/036
2013286676,1677,NAME,/100-C-12/B3
2013286676,1678,NAME,/V147
2013286676,2452,NAME,/100-C-12/B4
2013286676,2769,NAME,/100-C-12/037
2013286676,2770,NAME,/100-C-12/038
2013286676,2771,NAME,/100-C-12/039
2013286676,2772,NAME,/100-C-12/040
2013286676,2773,NAME,/100-C-12/041
2013286676,2775,NAME,/100-C-12-PS01
2013286676,2776,NAME,/100-C-12-PS02
2013286676,2777,NAME,/100-C-12-PS03
2013286676,2778,NAME,/100-C-12-PS04
2013286676,2779,NAME,/100-C-12-PS05
2013286676,2780,NAME,/100-C-12-PS06
2013286676,2781,NAME,/100-C-12-PS07
2013286676,2782,NAME,/100-C-12-PS08
2013286676,2783,NAME,/100-C-12-PS09
2013286676,2784,NAME,/100-C-12-PS10
2013286676,2785,NAME,/100-C-12-PS11
2013286676,1680,NAME,/100-C-13
2013286676,2446,NAME,/100-C-13/B2
2013286676,1681,NAME,/100-C-13/B1
2013286676,2450,FUNC,Insert Connection
2013286676,1689,NAME,/80-B-14
2013286676,1690,NAME,/80-B-14/B1
2013286676,1698,NAME,/V127
2013286676,1706,NAME,/PV-113
2013286676,1712,NAME,/V123
2013286676,1713,NAME,/80-B-14/B2
2013286676,1717,NAME,/V128
2013286676,1718,NAME,/80-B-14/B3
2013286676,1719,NAME,/V148
2013286676,1721,NAME,/100-A-15
2013286676,1722,NAME,/100-A-15/B1
2013286676,1730,NAME,/100-B-16
2013286676,1731,NAME,/100-B-16/B1
2013286676,1737,NAME,/V149
2013286676,1738,NAME,/100-B-17
2013286676,1739,NAME,/100-B-17/B1
2013286676,1741,NAME,/V151
2013286676,1750,NAME,/100-B-17/B2
2013286676,1753,NAME,/V150
2013286676,1755,NAME,/PSV-111
2013286676,1756,NAME,/100-A-18
2013286676,1757,NAME,/100-A-18/B1
2013286676,1763,NAME,/150-A-19
2013286676,1764,NAME,/150-A-19/B1
2013286676,1773,NAME,/100-A-20
2013286676,1774,NAME,/100-D-20/B1
2013286676,1782,NAME,/20-B-21
2013286676,1783,NAME,/20-B-21/B1
2013286676,1786,NAME,/V152
2013286676,1787,NAME,/20-A-22
2013286676,1788,NAME,/20-A-22/B1
2013286676,1790,NAME,/20-B-23
2013286676,1791,NAME,/20-B-23/B1
2013286676,1794,NAME,/V153
2013286676,1795,NAME,/20-A-24
2013286676,1796,NAME,/20-A-24/B1
2013286676,1801,NAME,/20-A-25
2013286676,1802,NAME,/20-A-25/B1
2013286676,1805,NAME,/20-A-26
2013286676,1806,NAME,/20-A-26/B2
2013286676,1807,NAME,/20-A-27
2013286676,1808,NAME,/20-A-27/B1
2013286676,1810,NAME,/50-A-28
2013286676,1811,NAME,/50-A-28/B1
2013286676,1814,NAME,/50-A-29
2013286676,1815,NAME,/50-A-29/B1
2013286676,1819,NAME,/20-B-30
2013286676,1820,NAME,/20-B-30/B1
2013286676,1824,NAME,/V154
2013286676,1825,NAME,/20-A-31
2013286676,1826,NAME,/20-A-31/B1
2013286676,1831,NAME,/20-A-32
2013286676,1832,NAME,/20-A-32/B1
2013286676,1835,NAME,/20-A-33
2013286676,2164,NAME,/20-A-33/B1
2013286676,1838,NAME,/20-B-34
2013286676,1839,NAME,/20-B-34/B1
2013286676,1843,NAME,/V155
2013286676,1844,NAME,/50-A-35
2013286676,1845,NAME,/50-A-35/B1
2013286676,1850,NAME,/50-A-35/B2
2013286676,1855,NAME,/20-A-36
2013286676,2167,NAME,/20-A-36/B1
2013286676,1859,NAME,/20-A-37
2013286676,2170,NAME,/20-A-37/B1
2013286676,1863,NAME,/20-A-38
2013286676,1864,NAME,/20-A-38/B1
2013286676,1870,NAME,/150-B-39
2013286676,1871,NAME,/150-B-39/B1
2013286676,1874,NAME,/V156
2013286676,1880,NAME,/PSV-155A
2013286676,1881,NAME,/150-B-39/B2
2013286676,1888,NAME,/V157
2013286676,1894,NAME,/PSV-155B
2013286676,1895,NAME,/150-B-39/B3
2013286676,1896,NAME,/V158
2013286676,1898,NAME,/150-B-39/B4
2013286676,1899,NAME,/V159
2013286676,1901,NAME,/200-A-40
2013286676,1901,FUNC,Critical line
2013286676,1902,NAME,/200-A-40/B1
2013286676,1909,NAME,/V160
2013286676,1921,NAME,/200-A-40/B2
2013286676,1924,NAME,/V161
2013286676,1925,NAME,/200-A-41
2013286676,1925,FUNC,Critical line
2013286676,1926,NAME,/200-A-41/B1
2013286676,1933,NAME,/V162
2013286676,1936,NAME,/200-A-41/B2
2013286676,1939,NAME,/V163
2013286676,1940,NAME,/300-A-42
2013286676,1940,FUNC,Critical line
2013286676,1941,NAME,/300-A-42/B1
2013286676,1943,NAME,/150-A-57
2013286676,1944,NAME,/150-A-57/B1
2013286676,1951,NAME,/150-A-57/B2
2013286676,1956,NAME,/150-B-58
2013286676,1957,NAME,/150-B-58/B1
2013286676,1958,NAME,/V129
2013286676,1969,NAME,/150-B-58/B2
2013286676,1970,NAME,/V165
2013286676,1971,NAME,/150-B-59
2013286676,1972,NAME,/150-B-59/B1
2013286676,1973,NAME,/V130
2013286676,1984,NAME,/150-B-59/B2
2013286676,1985,NAME,/V164
2013286672,13,NAME,/SITE-PIPING-AREA02
2013286672,13,:SDNFTRRVNO,_.0
2013286672,13,:SDNFEFID,Engineering Firm Id
2013286672,13,:SDNFCLID,Client Id
2013286672,13,:SDNFSTID,Structure Id
2013286672,13,:SDNFPRID,Project Id
2013286672,13,:SDNFDECODE,Design Code
2013286672,13,:SDNFTARGET,Target Contractor
2013286672,14,NAME,/ZONE-PIPING-AREA02-WORKSHOP
2013286672,14,DESC,AREA02PIPE
2013286672,14,FUNC,Piping
2013286672,14,:SDNFEFID,Engineering Firm Id
2013286672,14,:SDNFCLID,Client Id
2013286672,14,:SDNFSTID,Structure Id
2013286672,14,:SDNFPRID,Project Id
2013286672,14,:SDNFDECODE,Design Code
2013286672,14,:SDNFTARGET,Target Contractor
2013286672,14,:MDSHangRot,"1:false,1,2"
2013286672,14,:MDSHv,BOTH
2013286672,877,NAME,/Copy-of-200-FW-203
2013286672,878,NAME,/Copy-of-200-FW-203/B1
2013286672,884,DPFN,/C:\Users\munoz.j\Downloads\TestDetail_3.plt
2013286672,888,DPFN,/C:\Users\munoz.j\Downloads\TestDetail_1.plt
2013286672,889,NAME,/Copy-of-200-FW-203/B2
2013286672,901,FUNC,Insert Connection
2013286672,899,FUNC,Insert Connection
2013286672,898,NAME,/Copy-of-200-FW-203/B3
2013286672,900,NAME,/Copy-of-200-FW-203/B4
2013286672,15,NAME,/100-FW-201
2013286672,16,NAME,/100-FW-201/B1
2013286672,25,NAME,/100-FW-202
2013286672,26,NAME,/100-FW-202/B1
2013286672,34,NAME,/200-FW-203
2013286672,35,NAME,/200-FW-203/B1
2013286672,46,NAME,/200-FW-203/B2
2013286672,53,NAME,/100-FW-204
2013286672,54,NAME,/100-FW-204/B1
2013286672,62,NAME,/100-FW-204/B2
2013286672,66,NAME,/100-FW-205
2013286672,67,NAME,/100-FW-205/B1
2013286672,74,NAME,/50-FW-206
2013286672,75,NAME,/50-FW-206/B1
2013286672,83,NAME,/50-FW-207
2013286672,84,NAME,/50-FW-207/B1
2013286672,125,NAME,/50-FW-207/B2
2013286672,130,NAME,/50-FW-207/B3
2013286672,135,NAME,/50-FW-207/B4
2013286672,140,NAME,/50-FW-207/B5
2013286672,145,NAME,/50-FW-207/B6
2013286672,150,NAME,/50-FW-207/B7
2013286672,155,NAME,/50-FW-207/B8
2013286672,160,NAME,/50-FW-207/B9
2013286672,165,NAME,/50-FW-207/B10
2013286672,170,NAME,/50-FW-207/B11
2013286672,175,NAME,/50-FW-207/B12
2013286672,180,NAME,/50-FW-207/B13
2013286672,185,NAME,/50-FW-207/B14
2013286672,190,NAME,/50-FW-207/B15
2013286672,195,NAME,/50-FW-207/B16
2013286672,200,NAME,/50-FW-207/B17
2013286672,458,NAME,/50-FW-208
2013286672,459,NAME,/50-FW-208/B1
2013286672,500,NAME,/50-FW-208/B17
2013286672,505,NAME,/50-FW-208/B16
2013286672,510,NAME,/50-FW-208/B15
2013286672,515,NAME,/50-FW-208/B14
2013286672,520,NAME,/50-FW-208/B13
2013286672,525,NAME,/50-FW-208/B12
2013286672,530,NAME,/50-FW-208/B11
2013286672,535,NAME,/50-FW-208/B10
2013286672,540,NAME,/50-FW-208/B9
2013286672,545,NAME,/50-FW-208/B8
2013286672,550,NAME,/50-FW-208/B7
2013286672,554,NAME,/50-FW-208/B6
2013286672,558,NAME,/50-FW-208/B5
2013286672,563,NAME,/50-FW-208/B4
2013286672,568,NAME,/50-FW-208/B3
2013286672,573,NAME,/50-FW-208/B2
2013286668,53,NAME,/SITE-PIPING-AREA03
2013286668,53,FUNC,Piping
2013286668,53,:SDNFTRRVNO,_.0
2013286668,53,:SDNFEFID,Engineering Firm Id
2013286668,53,:SDNFCLID,Client Id
2013286668,53,:SDNFSTID,Structure Id
2013286668,53,:SDNFPRID,Project Id
2013286668,53,:SDNFDECODE,Design Code
2013286668,53,:SDNFTARGET,Target Contractor
2013286668,54,NAME,/ZONE-PIPING-AREA03
2013286668,54,DESC,AREA03PIPE
2013286668,54,FUNC,Piping
2013286668,54,:SDNFEFID,Engineering Firm Id
2013286668,54,:SDNFCLID,Client Id
2013286668,54,:SDNFSTID,Structure Id
2013286668,54,:SDNFPRID,Project Id
2013286668,54,:SDNFDECODE,Design Code
2013286668,54,:SDNFTARGET,Target Contractor
2013286668,54,:MDSHangRot,"1:false,1,2"
2013286668,54,:MDSHv,BOTH
2013286668,55,NAME,/100-LAYOUT300-301
2013286668,56,NAME,/100-LAYOUT300-301/B1
2013286668,66,NAME,/100-LAYOUT300-302
2013286668,67,NAME,/100-LAYOUT300-302/B1
2013286668,77,NAME,/100-LAYOUT300-303
2013286668,78,NAME,/100-LAYOUT300-303/B1
2013286668,91,NAME,/100-LAYOUT300-304
2013286668,92,NAME,/100-LAYOUT300-304/B1
2013286668,107,NAME,/100-LAYOUT300-305
2013286668,108,NAME,/100-LAYOUT300-305/B1
2013286668,124,NAME,/100-LAYOUT300-306
2013286668,125,NAME,/100-LAYOUT300-306/B1
2013286668,140,NAME,/100-LAYOUT300-307
2013286668,141,NAME,/100-LAYOUT300-307/B1
2013286668,692,NAME,/100-LAYOUT300-307/B2
2013286668,154,NAME,/100-LAYOUT300-308
2013286668,155,NAME,/100-LAYOUT300-308/B1
2013286668,158,NAME,/100-LAYOUT300-309
2013286668,159,NAME,/100-LAYOUT300-309/B1
2013286668,165,NAME,/100-LAYOUT300-310
2013286668,166,NAME,/100-LAYOUT300-310/B1
2013286668,172,NAME,/100-LAYOUT300-311
2013286668,173,NAME,/100-LAYOUT300-311/B1
2013286668,177,NAME,/100-LAYOUT300-312
2013286668,178,NAME,/100-LAYOUT300-312/B1
2013286668,185,NAME,/100-LAYOUT300-313
2013286668,186,NAME,/100-LAYOUT300-313/B1
2013286668,193,NAME,/100-LAYOUT300-314
2013286668,194,NAME,/100-LAYOUT300-314/B1
2013286668,194,INCO,Router
2013286668,201,NAME,/100-B-315
2013286668,202,NAME,/100-A3B-315/B1
2013286668,212,NAME,/100-LAYOUT300-316
2013286668,213,NAME,/100-LAYOUT300-316/B1
2013286668,213,INCO,Router
2013286668,220,NAME,/100-LAYOUT300-317
2013286668,221,NAME,/100-LAYOUT300-317/B1
2013286668,229,NAME,/150-A-318
2013286668,230,NAME,/150-A-318/B1
2013286668,239,NAME,/150-A-318/B2
2013286668,241,NAME,/40-B-319
2013286668,242,NAME,/40-B-319/B1
2013286668,248,NAME,/100-A-320
2013286668,249,NAME,/100-A-320/B1
2013286668,255,NAME,/50-B-321
2013286668,256,NAME,/50-B-321/B1
2013286668,271,NAME,/50-B-321-PS01
2013286668,278,NAME,/50-B-322
2013286668,279,NAME,/50-B-322/B1
2013286668,293,NAME,/50-B-322-PS01
2013286668,300,NAME,/100-F-323
2013286668,301,NAME,/100-F-323/B1
2013286668,322,NAME,/100-F-324
2013286668,323,NAME,/100-F-324/B1
2013286668,344,NAME,/100-F-325
2013286668,345,NAME,/100-F-325/B1
2013286668,360,NAME,/100-F-326
2013286668,361,NAME,/100-F-326/B1
2013286668,366,NAME,/150-A-327
2013286668,367,NAME,/150-A-327/B1
2013286668,373,NAME,/150-A-327/B2
2013286668,574,NAME,/100-B-328
2013286668,575,NAME,/100-B-328/B1
2013286668,591,NAME,/100-B-328/B2
2013286668,605,NAME,/300-B-342
2013286668,606,NAME,/300-B-342/B1
2013286668,375,NAME,/ZONE-ROUTER-AREA03
2013286668,375,DESC,AREA03PIPE
2013286668,375,FUNC,Piping
2013286668,375,:SDNFEFID,Engineering Firm Id
2013286668,375,:SDNFCLID,Client Id
2013286668,375,:SDNFSTID,Structure Id
2013286668,375,:SDNFPRID,Project Id
2013286668,375,:SDNFDECODE,Design Code
2013286668,375,:SDNFTARGET,Target Contractor
2013286668,375,:MDSHangRot,"1:false,1,2"
2013286668,375,:MDSHv,BOTH
2013286668,376,NAME,/Route_Plane_1
2013286668,376,DESC,Routing Plane
2013286668,377,NAME,/ZONE-ROUTER-STRU-AREA03
2013286668,377,:SDNFEFID,Engineering Firm Id
2013286668,377,:SDNFCLID,Client Id
2013286668,377,:SDNFSTID,Structure Id
2013286668,377,:SDNFPRID,Project Id
2013286668,377,:SDNFDECODE,Design Code
2013286668,377,:SDNFTARGET,Target Contractor
2013286668,377,:MDSBuildStyl,INSIDE
2013286668,377,:MDSHv,BOTH
2013286668,377,:MDSPosNumMax,0
2013286668,378,NAME,/AREA03-RACK-PLANE-EW
2013286668,378,FUNC,2 LEVEL RACK WITH 1 E/E PLANES
2013286668,382,NAME,/AREA03-RACK-PLANE-NS
2013286668,382,FUNC,2 LEVEL RACK WITH 1 E/E PLANES
